{"field_mean_transformer": {"AK": 49.588235294117645, "AL": 61.294117647058826, "AR": 62.80769230769231, "AZ": 44.166666666666664, "CA": 49.130434782608695, "CO": 39.23076923076923, "CT": 53.69230769230769, "DC": 43.833333333333336, "DE": 45.16, "FL": 41.6875, "GA": 41.22222222222222, "HI": 45.733333333333334, "IA": 47.666666666666664, "ID": 54.473684210526315, "IL": 48.285714285714285, "IN": 34.0, "KS": 46.333333333333336, "KY": 49.214285714285715, "LA": 53.72222222222222, "MA": 49.34782608695652, "MD": 63.57142857142857, "ME": 51.07142857142857, "MI": 43.68421052631579, "MN": 59.0, "MO": 50.06666666666667, "MS": 44.666666666666664, "MT": 47.11764705882353, "NC": 46.8235294117647, "ND": 54.94444444444444, "NE": 59.78947368421053, "NH": 55.2, "NJ": 50.833333333333336, "NM": 45.416666666666664, "NV": 45.111111111111114, "NY": 55.94444444444444, "OH": 39.95, "OK": 48.083333333333336, "OR": 42.55, "PA": 51.333333333333336, "RI": 44.22727272727273, "SC": 37.857142857142854, "SD": 47.48, "TN": 43.04347826086956, "TX": 62.3125, "UT": 51.21052631578947, "VA": 49.36363636363637, "VT": 49.0, "WA": 49.96774193548387, "WI": 57.2, "WV": 60.23529411764706, "WY": 38.9}}